{
    "accuracy": 0.6652917264466762,
    "f1_macro": 0.48676090630425267
}